epoch_expected_loss_change,valid_accuracy
9.322669581371799e-06,0.881159420289855
-3.3794837607038865e-06,0.8890922959572846
